{"initial_reset_timestamp": 1587277891.2893093, "timestamps": [1587277891.8869696], "episode_lengths": [50], "episode_rewards": [-12.054220199584961], "episode_types": ["t"]}