{"initial_reset_timestamp": 1587278446.8226647, "timestamps": [1587278447.3281257], "episode_lengths": [50], "episode_rewards": [-15.931251525878906], "episode_types": ["t"]}