{"initial_reset_timestamp": 1587278551.5039694, "timestamps": [1587278555.3713462], "episode_lengths": [50], "episode_rewards": [-7.249170303344727], "episode_types": ["t"]}