{"initial_reset_timestamp": 1587278040.9025092, "timestamps": [1587278042.117295], "episode_lengths": [50], "episode_rewards": [-10.895292282104492], "episode_types": ["t"]}