{"initial_reset_timestamp": 1587278352.3029625, "timestamps": [1587278352.8481946], "episode_lengths": [50], "episode_rewards": [-11.329694747924805], "episode_types": ["t"]}