{"initial_reset_timestamp": 1587277927.350535, "timestamps": [1587277927.808995], "episode_lengths": [50], "episode_rewards": [-12.256097793579102], "episode_types": ["t"]}