{"initial_reset_timestamp": 1587278148.3043907, "timestamps": [1587278148.825808], "episode_lengths": [50], "episode_rewards": [-8.92290210723877], "episode_types": ["t"]}