{"initial_reset_timestamp": 1587278250.6360135, "timestamps": [1587278253.4789057], "episode_lengths": [50], "episode_rewards": [-9.514665603637695], "episode_types": ["t"]}